Product Name,Price (INR),Rating,Number of Reviews
"Dell Inspiron 3530, Intel Core i5 13th Gen - 1334U, 16GB RAM, 1TB SSD, FHD 15.6""/39.62 cm, Windows 11, MSO'24, Silver, 1.62kg, Backlit Keyboard, 15 Month McAfee, Thin & Light Laptop",54990,N/A,N/A
"Dell Vostro, Intel Core i3 13th Gen - 1305U, 16GB DDR4 RAM, 512GB, FHD 15.6""/39.6 cm, Windows 11, Office H&S 2024, Carbon Grey, 1.66Kg, 120Hz 250 nits Narrow Border Display, Intel UHD Graphics Laptop",35990,N/A,N/A
"Acer Aspire Lite, AMD Ryzen 3 5300U Processor, 16 GB RAM, 512GB SSD, Full HD, 15.6""/39.62cm, Windows 11 Home, Steel Gray, 1.59KG, AL15-41, Metal Body, Premium Thin and Light Laptop",26990,N/A,N/A
"HP 15s, 12th Gen Intel Core i3-1215U (8GB DDR4, 512GB SSD) Anti-Glare, 15.6""/39.6cm,FHD, Win 11, MS Office 21, Silver, 1.69kg, fy5006tu/fd0751tu/fd0752tu, UHD Graphics, HD Camera, Dual Speakers Laptop",31990,N/A,N/A
"(Refurbished) HP Pavilion Plus, 13th Gen Intel Core i5-13500H, 16GB LPDDR5x, 512GB SSD, 16-inch(40.6cm), 400 nits, WQXGA Laptop, 6GB NVIDIA RTX 3050, 5MP IR Camera, B&O (Win 11, Office 21, Gold, 1.89kg) ab0015TX",62164,N/A,N/A
"HP Pavilion x360, 13th Gen Intel Core i5-1335U (16GB DDR4, 512GB SSD) Touchscreen, 14""/35.6cm, FHD, Win 11, Office 21, Silver, 1.51kg, ek1074tu/1148tu, Iris Xe, FPR, 5MP Camera, Backlit KB Laptop",64990,N/A,N/A
"Dell Vostro, Intel Core i3 13th Gen - 1305U, 16GB DDR4 RAM, 512GB, FHD 15.6""/39.6 cm, Windows 11, Office H&S 2024, Carbon Grey, 1.66Kg, 120Hz 250 nits Narrow Border Display, Intel UHD Graphics Laptop",35990,N/A,N/A
"Lenovo V15 Intel Core i3 13th Gen (16GB RAM/512GB SSD/Windows 11 Home/Office 2024/Iron Grey) 15.6"" FHD (1920x1080) Antiglare 250 Nits Thin & Light Laptop/1Y Onsite/1.65 kg, 83CCA08KIN",34990,N/A,N/A
"acer Professional 14[New Launch], Intel Core 5-120U 14th Gen, 32GB DDR4 RAM, 512GB SSD, 14 Inch Full HD, Win11Pro, MSO21, 1.34KG, Metal Body, Light Laptop, 3year Warranty, 12 Months Anti Virus",49990,N/A,N/A
"Acer [SmartChoice Aspire 3 Laptop Intel Core Celeron N4500 Processor Laptop (8 GB LPDDR4X SDRAM/256 GB SSD/Win11 Home/38 WHR/HD Webcam) A325-45 with 39.63 cm (15.6"") HD Display, Pure Silver, 1.5 KG",19990,N/A,N/A
"Dell SmartChoice G15-5530, Intel Core i5 13th Gen - 13450HX, NVIDIA RTX 3050-6GB, 16GB RAM, 1TB SSD, FHD 15.6""/39.62 cm, Windows 11, MS Office 21, Dark Shadow Grey, 2.65Kg Gaming Laptop",71990,N/A,N/A
"Dell 15, AMD Ryzen 7-7730U, 16GB DDR4, 512GB SSD, FHD 15.6""/39.6 cm, Windows 11, Office H&S 2024, Platinum Silver, 1.63 Kg, 120Hz 250 nits, AMD Radeon Graphics, Standard Keyboard, Thin & Light Laptop",46990,N/A,N/A
"Lenovo IdeaPad Slim 3, 12th Gen Intel Core i5-12450H (16GB LPDDR5, 512GB SSD), Anti-glare, FHD 15.6""(39.6cm), Win 11, Office Home 2024, Arctic Grey, 1.62Kg, 83ER00MDIN, Thin & Light, Backlit KB Laptop",43240,N/A,N/A
"ASUS Vivobook 15, Smartchoice,Intel Core i5 13th Gen 13420H,16GB RAM, 512GB SSD, FHD 15.6"",Windows 11, Office Home 2024, Quiet Blue, 1.70 kg, X1502VA-BQ836WS,Intel UHD iGPU, M365 Basic (1Year)* Laptop",48990,N/A,N/A
"HP 15, 13th Gen Intel Core i3-1315U (12GB DDR4, 512GB SSD) FHD, Anti-Glare, Micro-Edge, 15.6''/39.6cm, Win11, M365 Basic(1yr)* Office24, Silver, 1.59kg, fd0573TU, FHD Camera w/Shutter Laptop",36990,N/A,N/A
"ASUS TUF A15 (2025), AMD Ryzen 7 7445HS, Gaming Laptop(RTX 3050,75W TGP,16GB DDR5(Upgradeable Upto 64GB )512GB SSD,FHD,15.6"",144Hz,RGB Keyboard,48Whrs,Windows 11,Graphite Black,2.3 Kg) FA506NCG-HN199W",63989,N/A,N/A
"Acer [SmartChoice Aspire 3 Laptop Intel Core Celeron N4500 Processor Laptop (8 GB LPDDR4X SDRAM/512 GB SSD/Win11 Home/38 WHR/HD Webcam) A325-45 with 39.63 cm (15.6"") HD Display, Pure Silver, 1.5 KG",21490,N/A,N/A
"HP 15, 13th Gen Intel Core i3-1315U, (8GB DDR4,512GB SSD) Anti-Glare, Micro-Edge, FHD,15.6''/39.6cm, Win11,M365 Basic(1yr),Office24, Silver,1.59kg, fd0572TU, FHD Camera w/Shutter Laptop",35490,N/A,N/A
"HP 15, 13th Gen Intel Core i5-1334U, (16GB DDR4,512GB SSD) Anti-Glare, Micro-Edge, FHD, 15.6''/39.6cm, Win11, M365 Basic(1yr)* Office24, Silver, 1.59kg, fd0577TU, Iris Xe, FHD Camera w/Shutter Laptop",50990,N/A,N/A
"HP 15, AMD Ryzen 5 7520U, 16GB DDR5, 512GB SSD, (Win 11, Office 21, Silver, 1.59kg), Anti-Glare, Micro-Edge, 15.6-inch(39.6cm), FHD Laptop, AMD Radeon Graphics, 1080p FHD Camera, Backlit KB, fc0690au",39990,N/A,N/A
"Dell 15 Intel Core i5 13th Gen - 1334U, 16GB DDR4 RAM, 512GB SSD, FHD 15.6""/39.62 cm, Windows 11, MSO'21, Grey, 1.62kg, 120Hz 250 nits Display, 15 Month McAfee, Thin & Light Laptop",49990,N/A,N/A
"Dell 15, Intel Core i3 13th Gen - 1305U, 8GB DDR4 RAM, 512GB SSD, FHD 15.6""/39.62 cm, Windows 11, MSO'21, Titan Grey, 1.69kg, 120Hz 250 nits Display, 15 Month McAfee, Thin & Light Laptop",33990,N/A,N/A
"Dell 15, AMD Ryzen 7-7730U, 16GB DDR4, 512GB SSD, FHD 15.6""/39.6 cm, Windows 11, Office H&S 2024, Platinum Silver, 1.63 Kg, 120Hz 250 nits, AMD Radeon Graphics, Standard Keyboard, Thin & Light Laptop",46990,N/A,N/A
"Dell SmartChoice G15-5530, Intel Core i5 13th Gen - 13450HX, NVIDIA RTX 3050-6GB, 16GB RAM, 1TB SSD, FHD 15.6""/39.62 cm, Windows 11, MS Office 21, Dark Shadow Grey, 2.65Kg Gaming Laptop",71990,N/A,N/A
"JioBook 11 with Lifetime Office/Android 4G Laptop Mediatek 8788 (JioOS) / Octa-core/ 4GB RAM / 64 eMMC Storage/Thin and Light Laptop (11.6 inch, 990 Grams)/ Dual Band WiFi + SIM/Blue",10990,N/A,N/A
"HP 255 G10 AMD Athlon Dual Core 7120U - (8 GB/256 GB SSD/Windows 11 Home) Thin and Light Laptop (15.6 inch, Ash Silver, 1.35 kg)",22385,N/A,N/A
"Dell 15 Intel Core i5 13th Gen - 1334U, 16GB DDR4 RAM, 512GB SSD, FHD 15.6""/39.62 cm, Windows 11, MSO'21, Grey, 1.62kg, 120Hz 250 nits Display, 15 Month McAfee, Thin & Light Laptop",49990,N/A,N/A
"Acer SmartChoice Aspire Lite, AMD Ryzen 5-5625U Processor, 16 GB/512 GB, Full HD, 15.6""/39.62 cm, Windows 11 Home, Steel Gray, 1.59 kg, AL15-41, Metal Body, Thin and Light Laptop",30990,N/A,N/A
"Acer Aspire Lite, 13th Gen, Intel Core i3-1305U, 8GB RAM, 512GB SSD, Full HD, 15.6""/39.62cm, Windows 11 Home, Steel Gray, 1.59KG, AL15-53, Metal Body, 36 WHR, Thin and Light Premium Laptop",30990,N/A,N/A
"Acer SmartChoice ALG, 13th Gen Intel Core i5-13420H, NVIDIA GeForce RTX 3050-6GB DDR6, 16GB RAM, 512GB SSD, FHD 15.6""/39.62 cm, 144Hz, Windows 11 Home, Steel Gray, 1.99 KG, AL15G-53,Gaming Laptop",53990,N/A,N/A
"Primebook 2 Neo 2025 (New Launch) | 6GB RAM, 128GB Storage (Upgradable Upto 512GB) | MediaTek Helio G99 | Android 15 (PrimeOS3.0) | in-Built AI | 11.6” Thin & Light Laptop | Type-C, USB, MicroSD Ports",14990,N/A,N/A
"Walker Best Student &Office Work Laptop|Thin & Light|14.1"" 1920 * 1080 Resolution FHD IPS Display |4GB RAM,128GB SSD|Celeron Processor N4020 (Gemini Lake)| Windows 11 Home | Silver",12190,N/A,N/A
"Dell 15, Intel Core i3 13th Gen - 1305U, 8GB DDR4 RAM, 512GB SSD, FHD 15.6""/39.62 cm, Windows 11, MSO'21, Titan Grey, 1.69kg, 120Hz 250 nits Display, 15 Month McAfee, Thin & Light Laptop",33990,N/A,N/A
"Dell 15 Intel Core i5 13th Gen - 1334U, 16GB DDR4 RAM, 512GB SSD, FHD 15.6""/39.62 cm, Windows 11, MSO'21, Grey, 1.62kg, 120Hz 250 nits Display, 15 Month McAfee, Thin & Light Laptop",49990,N/A,N/A
"Lenovo V15 G4 AMD Ryzen 5 7520U 15.6 inch FHD Laptop, AMD Graphics, 16GB DDR5 5500Mhz Ram, 512GB SSD NVMe, Windows 11, Dolby Audio, Arctic Grey, 1 Year Onsite Brand Warranty",34890,N/A,N/A
"acer Aspire Go 14, Intel Core Ultra 5 125H (14th Gen),16GB DDR5 RAM/1TB SSD, WUXGA IPS, 14.0""/35.56 cm, Win 11, MS Office, Steel Gray, 1.5 kg, AG14-71M,Backlit Keyboard, AI Powered Premium Laptop",55990,N/A,N/A
"HP Smartchoice Victus, AMD Ryzen 7 7445HS, 6GB RTX 3050, 16GB DDR5(Upgradeable) 512GB SSD, FHD, 144Hz, 300 nits, 15.6''/39.6cm, Win 11, M365* Office24, Blue, 2.29kg, fb3134AX/3120ax, Gaming Laptop",66990,N/A,N/A
"Acer Aspire Lite, AMD Ryzen 3 7330U Processor, 8 GB RAM, 512 GB SSD, Full HD, 15.6""/39.62cm, Windows 11 Home, Steel Gray, 1.6KG, AL15-41, Metal Body, Premium Thin and Light Laptop",29990,N/A,N/A
"Lenovo Smartchoice Ideapad Slim 3 13Th Gen Intel Core I7-13620H 15.3 Inch(38.8Cm) WUXGA IPS Laptop(16GB RAM/512GB SSD/Windows 11/Office Home 2024/Backlit Keyboard/1Yr ADP Free/Grey/1.6Kg),83K100CJIN",57990,N/A,N/A
"HP 14 (2025),245 G10 AMD Ryzen 5 7520U Quad Core - (8 GB/512 GB SSD/AMD Radeon Graphics/Windows 11) Thin and Light Business Laptop/14.0"" HD Display/Ash Grey/1.36 kg MS Office 2021",28980,N/A,N/A
"Cable World® Educational Laptop Computer Toy for Kids Above 3 Years - 20 Fun Activity Learning Machine, Now Learn Letter, Words, Games, Mathematics, Music, Logic, Memory Tool",649,N/A,N/A
"HP 15,Intel Ultra 5 125H (16GB DDR5, 1TB SSD) FHD, IPS, 15.6''/39.6cm, Win11, M365 Basic(1yr)*Office24, Silver, 1.65kg, fd1354TU, Intel Arc Graphics, FHD Camera w/Shutter, AI Powered Laptop",62990,N/A,N/A
"Dell Vostro, Intel Core i3 13th Gen - 1305U, 16GB DDR4 RAM, 512GB, FHD 15.6""/39.6 cm, Windows 11, Office H&S 2024, Carbon Grey, 1.66Kg, 120Hz 250 nits Narrow Border Display, Intel UHD Graphics Laptop",35990,N/A,N/A
"Dell Inspiron 3530, Intel Core i5 13th Gen - 1334U, 16GB RAM, 1TB SSD, FHD 15.6""/39.62 cm, Windows 11, MSO'24, Silver, 1.62kg, Backlit Keyboard, 15 Month McAfee, Thin & Light Laptop",54990,N/A,N/A
"Dell 15, AMD Ryzen 7-7730U, 16GB DDR4, 512GB SSD, FHD 15.6""/39.6 cm, Windows 11, Office H&S 2024, Platinum Silver, 1.63 Kg, 120Hz 250 nits, AMD Radeon Graphics, Standard Keyboard, Thin & Light Laptop",46990,N/A,N/A
"Dell SmartChoice G15-5530, Intel Core i5 13th Gen - 13450HX, NVIDIA RTX 3050-6GB, 16GB RAM, 1TB SSD, FHD 15.6""/39.62 cm, Windows 11, MS Office 21, Dark Shadow Grey, 2.65Kg Gaming Laptop",71990,N/A,N/A
"Primebook 2 Pro 2025 (New Launch) | 8GB RAM, 128GB UFS Storage | 14.1-Inch FHD IPS Display | 14 Hours Battery | MediaTek Helio G99 | Android 15 (PrimeOS 3.0) | Backlit Keyboard | in-Built AI | Gray",17490,N/A,N/A
"Acer[SmartChoice Aspire Lite 12thGen Intel Core i5-12450H Premium Laptop(Win11Home/16GB RAM/512GB SSD/IntelUHD Graphics/MSO)AL15-52H, 39.62cm(15.6"") FHD IPS Display,Backlit Keyboard,Pure Silver, 1.7KG",39990,N/A,N/A
"HP 15, 13th Gen Intel Core i5-1334U (16GB DDR4, 512GB SSD) Anti-Glare, Micro-Edge, 15.6''/39.6cm, FHD, Win 11, Office 24, Silver, 1.59kg, fd0467tu, Iris Xe Graphics, FHD Camera, Backlit KB Laptop",N/A,N/A,N/A
"HP 15, AMD Ryzen 7 5825U (16GB DDR4, 512GB SSD) FHD, Anti-Glare, Micro-Edge,15.6''/39.6cm, Win11, M365(1yr)* Office24, Silver, 1.59kg, fc0476AU, Radeon Graphics, FHD Camera w/Shutter, Backlit Laptop",45990,N/A,N/A
"Acer Aspire 3 Laptop Intel Core Celeron N4500 Processor Laptop (8 GB LPDDR4X SDRAM/256 GB SSD/Win11 Home/38 WHR/HD Webcam) A324-45 with 35.56 cm (14"") HD Display, Pure Silver, 1.3 KG",20970,N/A,N/A
"Portronics My Buddy K Portable Laptop Stand with Adjustable Height, Foldable, OverHeating Protection for Laptops & MacBooks (Grey)",349,N/A,N/A
"ASUS Vivobook 14, Intel Core i3 13th Gen 1315U, 8GB RAM, 512GB SSD, FHD 14"", Windows 11, Office Home 2024, Cool Silver, 1.40kg, X1404VA-NK761WS, Intel UHD, M365 Basic (1Year)*, Backlit Keyboard Laptop",32990,N/A,N/A
"Lenovo V15 AMD Ryzen 7 7730U 15.6"" (39.62cm) FHD 250 Nits Antiglare Thin and Light Laptop (16GB/512GB SSD/Windows 11/Iron Grey/1.65 Kg) Grey",42490,N/A,N/A
"Dell 15, Intel Core i3 13th Gen - 1305U, 8GB DDR4 RAM, 512GB SSD, FHD 15.6""/39.62 cm, Windows 11, MSO'21, Titan Grey, 1.69kg, 120Hz 250 nits Display, 15 Month McAfee, Thin & Light Laptop",33990,N/A,N/A
"Dell 15 Intel Core i5 13th Gen - 1334U, 16GB DDR4 RAM, 512GB SSD, FHD 15.6""/39.62 cm, Windows 11, MSO'21, Grey, 1.62kg, 120Hz 250 nits Display, 15 Month McAfee, Thin & Light Laptop",49990,N/A,N/A
"Lenovo ThinkBook 16 AMD Ryzen 5 7535HS (16GB RAM/512GB SSD/Win 11 Home/Office 2024/Backlit Keyboard/Fingerprint) 16"" WUXGA IPS 300 Nits Thin & Light Laptop/1Y Warranty/Aluminium Top/1.7kg, 21MWA0BSIN",43531,N/A,N/A
"HP 15, Intel Ultra 5 125H, 12 Tops (16GB DDR5, 512GB SSD) FHD, IPS, 15.6''/39.6cm, Win11, M365 Basic(1yr)* Office24, Silver, 1.65kg, fd1254TU, Intel Graphics, FHD Camera w/Shutter, AI Powered Laptop",58990,N/A,N/A
"Zebronics-NS1000 Laptop Stand Featuring Foldable Design, Anti-Slip Silicone Rubber Pads, Supports Maximum of 5kgs Weight, 6 Adjustable Levels.",189,N/A,N/A
"Dell SmartChoice G15-5530, Intel Core i5 13th Gen - 13450HX, NVIDIA RTX 3050-6GB, 16GB RAM, 1TB SSD, FHD 15.6""/39.62 cm, Windows 11, MS Office 21, Dark Shadow Grey, 2.65Kg Gaming Laptop",71990,N/A,N/A
"Acer Nitro Lite 16,Intel Core i7 13620H Processor,NVIDIA GeForce RTX 3050-6 GB GDDR6, 16GB/ 512 GB, 16.0""/40.64 cm, 165 Hz, Win 11 Home, White, 1.95 kg, NL16-71G, Backlit KB,Gaming Laptop",73990,N/A,N/A
"HP Smartchoice OmniBook 5 (Previously Pavilion) 50 Tops, AMD Ryzen AI 5 340 (16GB LPDDR5X, 512GB SSD) WUXGA 2K, 16''/40.6cm, Win11, Office24, Silver, 1.79kg, ag1037au, Next Gen AI Copilot+ Laptop",67990,N/A,N/A
"HP 15, AMD Ryzen 3 7320U (8GB LPDDR5, 512GB SSD) FHD, Anti-Glare, Micro-Edge, 15.6""/39.6cm, Win 11, Office 21, Silver, 1.59kg, fc0154AU, AMD Radeon Graphics, 1080p FHD Camera Laptop",30450,N/A,N/A
"HP Victus, 13th Gen Intel Core i5-13420H, 6GB RTX 3050, 16GB DDR4(Upgradeable) 512GB SSD, FHD, 144Hz, 300 nits, IPS, 15.6''/39.6cm, Win11, M365* Office24, Mica Silver, 2.3kg, fa2700TX, Gaming Laptop",63990,N/A,N/A
"Dell Vostro, Intel Core i3 13th Gen - 1305U, 16GB DDR4 RAM, 512GB, FHD 15.6""/39.6 cm, Windows 11, Office H&S 2024, Carbon Grey, 1.66Kg, 120Hz 250 nits Narrow Border Display, Intel UHD Graphics Laptop",35990,N/A,N/A
"Dell Inspiron 3530, Intel Core i5 13th Gen - 1334U, 16GB RAM, 1TB SSD, FHD 15.6""/39.62 cm, Windows 11, MSO'24, Silver, 1.62kg, Backlit Keyboard, 15 Month McAfee, Thin & Light Laptop",54990,N/A,N/A
"Dell 15, AMD Ryzen 7-7730U, 16GB DDR4, 512GB SSD, FHD 15.6""/39.6 cm, Windows 11, Office H&S 2024, Platinum Silver, 1.63 Kg, 120Hz 250 nits, AMD Radeon Graphics, Standard Keyboard, Thin & Light Laptop",46990,N/A,N/A
"Dell 15 Intel Core i5 13th Gen - 1334U, 16GB DDR4 RAM, 512GB SSD, FHD 15.6""/39.62 cm, Windows 11, MSO'21, Grey, 1.62kg, 120Hz 250 nits Display, 15 Month McAfee, Thin & Light Laptop",49990,N/A,N/A
"HP 15 (2025),250R Intel Core i3 13th Gen 1315U - (16 GB/512 GB SSD/Intel UHD Graphics/Windows 11 Home) Thin and Light Business Laptop/15.6"" HD Display/Ash Grey/1.5 kg/MS Office 2021",33200,N/A,N/A
ULTIMUS APEX Laptop Intel Celeron Dual Core 8 GB LPDDR4 512 GB SSD Expandable~1TB 14.1 FHD IPS Laptop Anti-Glare Ultra Thin Bezel 180° Hinge 3.0x3 USB HDMI SD Card Slot Win 11 Home 1.25KG Silver,16990,N/A,N/A
"Chuwi HeroBook Pro 14.1'' Intel Celeron N4020 Laptop with 8GB RAM, 256GB SSD, Windows 11, 1TB Expand, FHD IPS, Ultra Slim, USB3.0, Mini-HDMI, Webcam",16990,N/A,N/A
"ASUS Vivobook Go 14, AMD Ryzen 3 7320U, 8GB RAM, 512GB SSD, FHD 14"", Windows 11, Office Home 2024, Mixed Black, 1.38 kg, E1404FA-NK3325WS, AMD Radeon iGPU, M365 Basic (1Year)*, Thin & Light Laptop",28990,N/A,N/A
"HP Victus, AMD Ryzen 9-8945HS, 8GB RTX 4060, 16GB RAM (Upgradeable) 1TB SSD, 144Hz, 300nits, IPS, FHD, 15.6""/39.6cm, Win11, M365* Office 24, Blue, 2.29Kg, Backlit, fb3025AX, AI Gaming Laptop",98990,N/A,N/A
"Lenovo {SmartChoice)Chromebook Intel Celeron N4500 (4GB RAM/64GB eMMC 5.1/11.6 Inch (29.46cm)/HD Display/2Wx2 Stereo Speakers/HD Camera/Chrome OS/Blue/1.21Kg), 82UY0014HA",10990,N/A,N/A
"amazon basics ABS 2-in-1 Laptop and Mobile Stand, Ergonomic, Adjustable Height, Anti-Slip Base, Heat Dissipation, Portable, Lightweight, Compatible with All Laptops Up to 15.6"" (Black)",229,N/A,N/A
"Lenovo IdeaPad Slim 3 AMD Ryzen 7 8840HS 15.3 inch (38.8cm) WUXGA IPS AI PC Laptop(24GB RAM/1TB SSD/Windows 11/Office Home 2024/Backlit Keyboard/1Yr ADP Free/Grey/1.6Kg), 83KA004TIN",66990,N/A,N/A
"Dell SmartChoice G15-5530, Intel Core i5 13th Gen - 13450HX, NVIDIA RTX 3050-6GB, 16GB RAM, 1TB SSD, FHD 15.6""/39.62 cm, Windows 11, MS Office 21, Dark Shadow Grey, 2.65Kg Gaming Laptop",71990,N/A,N/A
"Dell 15, Intel Core i3 13th Gen - 1305U, 8GB DDR4 RAM, 512GB SSD, FHD 15.6""/39.62 cm, Windows 11, MSO'21, Titan Grey, 1.69kg, 120Hz 250 nits Display, 15 Month McAfee, Thin & Light Laptop",33990,N/A,N/A
"LS LAPSTER Quality Assured Lapster Universal Silicone 15.6"" Keyboard Protector Skin|| Keyboard Dust Cover|| Keyboard Skin for 15.6"" Laptop 15.6"" Keyguard 3.93 x 11.81 x 0.39 inches",94,N/A,N/A
"ZEBRONICS Wireless Mouse, 2.4GHz, 3200 DPI, 3 Buttons, Comfortable & Ergonomic, USB Nano Receiver, Power-Saving Mode, Works on Most Surfaces, for Mac | Laptop | Computer (Freego, Black)",199,N/A,N/A
"HP Smartchoice Victus, 13th Gen i7-13620H, 6GB RTX 4050, 16GB DDR4(Upgradeable) 512GB SSD, 144Hz, 300nits, FHD, 15.6''/39.6cm, Win11, M365* Office24, Mica Silver, 2.3kg, fa2100TX/2103tx, Gaming Laptop",81990,N/A,N/A
"Lenovo Smartchoice LOQ AMD Ryzen 7 7435HS, NVIDIA RTX 4050-6GB, 24GB RAM, 512GB SSD, 15.6""/39.6cm, Windows 11, MS Office Home 2024, Grey, 2.4Kg, 83JC00EGIN, 100% sRGB, 3 Mon. Game Pass Gaming Laptop",81990,N/A,N/A
"Dyazo Water Resistant 14.1 Inch Laptop Sleeves Case Cover With Handle & 2 Front Accessories Pocket Compatible For Mac book Pro, Lenovo, Hp, Mi, Dell & Other Notebooks Up to 14 Inches (Black)",249,N/A,N/A
"Acer Aspire 3, 13th Gen, Intel Core i5-1334U Processor Laptop with 35.56 cm (14"") FHD LED-Backlit IPS Display (16GB RAM/512GB SSD/Intel Graphics/Win11Home) A324-53 Backlit Keyboard Steel Gray 1.45KG",40985,N/A,N/A
"FUR JADEN Anti Theft Number Lock Backpack Bag with 15.6 Inch Laptop Compartment, USB Charging Port & Organizer Pocket for Men Women Boys Girls",559,N/A,N/A
"Sounce Mouse Pad Speed Type Mouse Pad with Antifray Stitched Embroidery Edges, Non-Slip Rubber Base Mousepad for Laptop PC (260mm x 210mm x 2mm) (Black)",89,N/A,N/A
"Dell Vostro, Intel Core i3 13th Gen - 1305U, 16GB DDR4 RAM, 512GB, FHD 15.6""/39.6 cm, Windows 11, Office H&S 2024, Carbon Grey, 1.66Kg, 120Hz 250 nits Narrow Border Display, Intel UHD Graphics Laptop",35990,N/A,N/A
"Dell Inspiron 3530, Intel Core i5 13th Gen - 1334U, 16GB RAM, 1TB SSD, FHD 15.6""/39.62 cm, Windows 11, MSO'24, Silver, 1.62kg, Backlit Keyboard, 15 Month McAfee, Thin & Light Laptop",54990,N/A,N/A
"Dell SmartChoice G15-5530, Intel Core i5 13th Gen - 13450HX, NVIDIA RTX 3050-6GB, 16GB RAM, 1TB SSD, FHD 15.6""/39.62 cm, Windows 11, MS Office 21, Dark Shadow Grey, 2.65Kg Gaming Laptop",71990,N/A,N/A
"Dell 15, AMD Ryzen 7-7730U, 16GB DDR4, 512GB SSD, FHD 15.6""/39.6 cm, Windows 11, Office H&S 2024, Platinum Silver, 1.63 Kg, 120Hz 250 nits, AMD Radeon Graphics, Standard Keyboard, Thin & Light Laptop",46990,N/A,N/A
"Dyazo Water Resistant Laptop Sleeve/Laptop case/laptop cover with Handle Compatible for 15 Inch to 15.6"" Inches laptops & Notebooks - Grey",279,N/A,N/A
"Portronics My Buddy K9 Pro 2-in-1 Laptop & Phone Stand with 360° Rotating Base, Adjustable Height & Angle, Foldable Metal Design, Heat Dissipation, Universal Fit for 10–15.6” Laptops",999,N/A,N/A
"acer Professional 14[New Launch], 13th Gen Intel Core i7-1355U Turbo Boost, 32GB DDR4, 1TB SSD, Win11 Pro, MSO21, 14inch FHD Laptop, 3 Year Warranty, Metal ID, Fingerprint, Backlit KB, Silver, 1.34kg",69780,N/A,N/A
"ASUS Vivobook 16, Intel Core i5-13420H Processor,(16GB RAM/512GB SSD/16 FHD+ (1920 x 1200)/Win 11/M365 Basic (1Year)*/Backlit Keyboard/Office Home 2024/Silver/1.88 kg),X1605VA-MB1627WS",51990,N/A,N/A
"ASUS TUF Gaming A15, AMD Ryzen 7 7435HS Gaming Laptop(NVIDIA RTX 3050-4GB/60W TGP/16GB RAM/512GB SSD/FHD/15.6""/144Hz/RGB KB/48WHr/Windows 11//Graphite Black/2.30 Kg) FA506NCR-HN054W",62990,N/A,N/A
"ASUS Chromebook CX1405, Intel Celeron N4500, 8GB RAM, 128GB, FHD 14""(35.56cm), Chrome OS, Quiet Blue, 1.4Kg, CX1405CKA-S60394, Intel UHD Graphics, 42WHrs, Thin & Light Laptop",19990,N/A,N/A
"Logitech M186 Wireless Mouse, 2.4GHz with USB Mini Receiver, 12-Month Battery Life, 1000 DPI Optical Tracking, Ambidextrous, Compatible with PC, Mac, Laptop",399,N/A,N/A
"Lenovo Tab Plus with Octa JBL Hi-Fi Speakers| 8 GB RAM, 128 GB ROM| 11.5 Inch, 2K, 90 Hz Refresh| Wi-Fi Tablet| Android 14| 45 W Fast Charger| Built-in Kickstand| Color: Luna Grey",14999,N/A,N/A
"HP Smartchoice Victus, 13th Gen Intel Core i5-13420H, 4GB RTX 3050, 16GB DDR4(Upgradeable) 512GB SSD, 144Hz, IPS, 300nits, FHD, 15.6’’/39.6cm, Win11, Office24, Blue, 2.29kg, fa2190TX Gaming Laptop",61990,N/A,N/A
"Dell 15 Intel Core i5 13th Gen - 1334U, 16GB DDR4 RAM, 512GB SSD, FHD 15.6""/39.62 cm, Windows 11, MSO'21, Grey, 1.62kg, 120Hz 250 nits Display, 15 Month McAfee, Thin & Light Laptop",49990,N/A,N/A
"Microsoft New Surface Pro (11Th Edition) - Windows 11 Home Copilot + Pc - 13"" LCD Pixelsense Touchscreen - Qualcomm Snapdragon X Plus (10 Core,Wi-Fi) - 16Gb Ram - 256Gb Ssd - Platinum - Zhx-00014",104990,N/A,N/A
"ZEBRONICS NS3000 PRO 360° Rotatable Laptop Stand, Supports up to 17” (43cm) Laptops, Tablets, Supports Max 5kg, Carbon Steel with Anti Rust Body, Anti-Slip/Scratch Silicone Pads",699,N/A,N/A
"Lenovo V15 G4 AMD Ryzen 5 7520U DOS 15.6 inch FHD Thin & Lite Laptop, AMD Graphics, 16GB DDR5 5500Mhz Ram, 512GB SSD,Dolby Audio,Premium Grey, 1 Year Onsite Brand Warranty",34490,N/A,N/A
"Gizga Essentials Reversible Laptop Sleeve 15.6 Inch, Dual Color Neoprene Laptop Cover, Zipperless, Waterproof, Slim Fit Laptop Case for HP Dell Lenovo Asus Acer, MacBook, Mouse Pad Use (Red/Black)",189,N/A,N/A
"ASUS Vivobook 15,13th Gen,Intel Core i5-13420H(Intel UHD iGPU/16GB RAM/1TB SSD/FHD/15.6""/60Hz/Backlit Keyboard/Windows 11/M365 Basic (1Year)*/Office Home 2024/Quiet Blue/1.70 kg) X1502VA-BQ1297WS",50990,N/A,N/A
"Zebronics FHD USB Webcam, 30FPS, 2P2G Lens, 2.0MP CMOS Sensor, Auto-White Balance, Auto-Exposure, Privacy Shutter, Built-in Mic, for Teams, FaceTime, PC/Laptop (Live Pro)",1199,N/A,N/A
"Samsung Galaxy Book4 (Gray, 16GB RAM, 512GB SSD) | 15.6"" Full HD Screen | Intel Core i5 1335U Processor | Windows 11 Home | MS Office 2021 | Fingerprint Reader | Intel Iris XE Graphics | RJ45 LAN Port",51900,N/A,N/A
"Ant Esports Lapi MousePad 260X210X3mm Anti-fray Stitching, Universal Shortcut Sheet Waterproof Surface & Non-Slip Rubber Base Stitched Edges Mouse Mat for Laptop,Compatible with Laser and Optical Mice",89,N/A,N/A
"Dell Vostro, Intel Core i3 13th Gen - 1305U, 16GB DDR4 RAM, 512GB, FHD 15.6""/39.6 cm, Windows 11, Office H&S 2024, Carbon Grey, 1.66Kg, 120Hz 250 nits Narrow Border Display, Intel UHD Graphics Laptop",35990,N/A,N/A
"Dell 15, Intel Core i3 13th Gen - 1305U, 8GB DDR4 RAM, 512GB SSD, FHD 15.6""/39.62 cm, Windows 11, MSO'21, Titan Grey, 1.69kg, 120Hz 250 nits Display, 15 Month McAfee, Thin & Light Laptop",33990,N/A,N/A
"Dell SmartChoice G15-5530, Intel Core i5 13th Gen - 13450HX, NVIDIA RTX 3050-6GB, 16GB RAM, 1TB SSD, FHD 15.6""/39.62 cm, Windows 11, MS Office 21, Dark Shadow Grey, 2.65Kg Gaming Laptop",71990,N/A,N/A
"Dell 15, AMD Ryzen 7-7730U, 16GB DDR4, 512GB SSD, FHD 15.6""/39.6 cm, Windows 11, Office H&S 2024, Platinum Silver, 1.63 Kg, 120Hz 250 nits, AMD Radeon Graphics, Standard Keyboard, Thin & Light Laptop",46990,N/A,N/A
"HP OmniBook 5 Metallic(Previously Pavilion) 13th Gen Intel Core i5 1334U (16GB LPDDR5X, 512GB SSD) WUXGA, 2K, IPS, 16''/40.6cm, Win11, M365 Basic(1yr)*Office24, Blue,1.79kg, ba1123TU,FHD camera Laptop",54990,N/A,N/A
"ASUS Vivobook 16, Snapdragon X, 16GB RAM, 512GB SSD, FHD+ 16"", Windows 11, Office Home 2024, Quiet Blue, 1.88kg, X1607QA-MB049WS, Qualcomm Adreno iGPU, 45TOPS, M365 Basic (1Year)* Laptop",52990,N/A,N/A
Geonix Trek T3 Aluminium Ergonomic Laptop Stand | 7 Angles Adjustable Tabletop | Anti Slip Rubber Pads | Foldable | Compatible with Laptops Upto 17 inch (Silver),259,N/A,N/A
"Wembley Educational Kids Laptop| Fun Mini Laptop with Mouse & 20 Activities| Interactive Learning Toy| Learn Letters, Words, Numbers & More| Great Gift for Kids 3+ (Purple)",896,N/A,N/A
"Portronics My Buddy K11 Metal Laptop Stand with 360° Rotation, Height & Angle Adjustable, Foldable Design, Improves Air Flow, Carbon Steel Body, 10 kg Max Weight for Laptops & MacBook (Black)",899,N/A,N/A
"Dell Inspiron 3530, Intel Core i5 13th Gen - 1334U, 16GB RAM, 1TB SSD, FHD 15.6""/39.62 cm, Windows 11, MSO'24, Silver, 1.62kg, Backlit Keyboard, 15 Month McAfee, Thin & Light Laptop",54990,N/A,N/A
HP F6V97AA#ACJ External USB DVD-RW Drive,1999,N/A,N/A
"ASUS Vivobook 15,13th Gen,Intel Core i3-1315U (Intel UHD /16GB RAM/512GB SSD/FHD/15.6""/60Hz/Win 11/M365 Basic (1Year)*/Backlit Keyboard/Office Home 2024/Quiet Blue/1.70 kg) X1504VA-NJ2325WS",38990,N/A,N/A
"Dell 15 Intel Core i5 13th Gen - 1334U, 16GB DDR4 RAM, 512GB SSD, FHD 15.6""/39.62 cm, Windows 11, MSO'21, Grey, 1.62kg, 120Hz 250 nits Display, 15 Month McAfee, Thin & Light Laptop",49990,N/A,N/A
"Lenovo IdeaPad Slim 5, AMD Ryzen AI 7 350, 24GB RAM, 1TB SSD, WUXGA OLED 14""(35.5cm), Win11, Office Home'24, Grey, 1.4Kg, 83HX001NIN, Copilot+ PC, Backlit Keyboard, 1Yr ADP Free AI Powered Laptop",76921,N/A,N/A
"Acer Aspire 3 Intel Core i3-1215U Processor Laptop with 35.56 cm (14"") Full HD LED IPS Display (8 GB RAM/512 GB SSD/WiFi 6/Intel Graphics/Windows11 Home/65W) A324-51, Steel Gray, 1.45KG",27970,N/A,N/A
"Tygot 6 Angles Adjustable Aluminum Ergonomic Foldable Portable Tabletop Laptop/Desktop Riser Stand Holder Compatible for MacBook, HP, Dell, Lenovo & All Other Notebook (Black)",299,N/A,N/A
"Dyazo Water Resistant Laptop Sleeve | Laptop Case Cover for 15 Inches(38cm),15.6 Inch(39.6cm) Laptops & Notebook (Black)",279,N/A,N/A
"Acer Nitro Lite 16, Intel Core i5-13420H Processor,NVIDIA GeForce RTX 4050-6 GB GDDR6, 16GB/ 512 GB, 16.0""/40.64 cm, 165 Hz, Win 11 Home, White, 1.95 kg, NL16-71G, Backlit KB,Gaming Laptop",75999,N/A,N/A
"Portronics My Buddy K Lite Foldable Laptop Stand with Adjustable Heights, Anti-Slip Silicone Pads, Collapsible Design, 5 kg Max Weight, ABS Build, Portable & Lightweight Holder Riser (White)",269,N/A,N/A
"Lenovo GX20K78585 65W Laptop Adapter/Charger with Power Cord for Select Models of (Round pin), Black",1079,N/A,N/A
Lenovo Original 65W 20V 3.25A Standard USB Type-C for Laptops Ac Adapter,1139,N/A,N/A
"Acer Nitro Lite 16, Intel Core i5-13420H Processor,NVIDIA GeForce RTX 3050-6 GB GDDR6, 16GB/ 512 GB, 16.0""/40.64 cm, 165 Hz, Win 11 Home, White, 1.95 kg, NL16-71G, Backlit KB,Gaming Laptop",65515,N/A,N/A
"Dell Vostro, Intel Core i3 13th Gen - 1305U, 16GB DDR4 RAM, 512GB, FHD 15.6""/39.6 cm, Windows 11, Office H&S 2024, Carbon Grey, 1.66Kg, 120Hz 250 nits Narrow Border Display, Intel UHD Graphics Laptop",35990,N/A,N/A
"Dell 15, Intel Core i3 13th Gen - 1305U, 8GB DDR4 RAM, 512GB SSD, FHD 15.6""/39.62 cm, Windows 11, MSO'21, Titan Grey, 1.69kg, 120Hz 250 nits Display, 15 Month McAfee, Thin & Light Laptop",33990,N/A,N/A
"Dell SmartChoice G15-5530, Intel Core i5 13th Gen - 13450HX, NVIDIA RTX 3050-6GB, 16GB RAM, 1TB SSD, FHD 15.6""/39.62 cm, Windows 11, MS Office 21, Dark Shadow Grey, 2.65Kg Gaming Laptop",71990,N/A,N/A
"Dell 15, AMD Ryzen 7-7730U, 16GB DDR4, 512GB SSD, FHD 15.6""/39.6 cm, Windows 11, Office H&S 2024, Platinum Silver, 1.63 Kg, 120Hz 250 nits, AMD Radeon Graphics, Standard Keyboard, Thin & Light Laptop",46990,N/A,N/A
"Acer Nitro Lite 16, Intel Core i5-13420H Processor,NVIDIA GeForce RTX 3050-6 GB GDDR6, 16GB/ 512 GB, 16.0""/40.64 cm, 165 Hz, Win 11 Home, White, 1.95 kg, NL16-71G, Backlit KB,Gaming Laptop",65515,N/A,N/A
"STRIFF Professional 3-in-1 Laptop Cleaning kit, Laptop Cleaner, Screen Cleaner, Mobile Cleaning kit, Cleaning Kit for Camera, Lens, Binocular, Laptop, TV, Monitor, Smartphone, Tablet",109,N/A,N/A
"Samsung Galaxy Book2 Pro 360 Intel 12th Gen i5 EvoTM 33.78 cm (13.3"") Touchscreen 2-in-1 AMOLED Thin & Light Laptop (16 GB/512 GB SSD/Windows 11/MS Office/with S Pen/Silver/1.04Kg), NP930QED-KB3IN",100990,N/A,N/A
"Acer Nitro Lite 16,Intel Core i7 13620H Processor,NVIDIA GeForce RTX 4050-6 GB GDDR6, 16GB/ 512 GB, 16.0""/40.64 cm, 165 Hz, Win 11 Home, White, 1.95 kg, NL16-71G, Backlit KB,Gaming Laptop",85999,N/A,N/A
Dyazo 13/13.3 Inch Laptop Sleeve/Case Cover Compatible With All Notebook And Laptops With Handle & 2 Accessory Pockets (Black),279,N/A,N/A
ZEBRONICS ZEB-KM2100 Multimedia USB Keyboard Comes with 114 Keys Including 12 Dedicated Multimedia Keys & with Rupee Key,226,N/A,N/A
"Lenovo Legion 5, Intel Core i7 13th Gen 13650HX, NVIDIA RTX 4060 8GB, 24GB RAM, 512GB SSD, FHD IPS 15.6""(39.6cm), 14Hz, Win11, Office Home'24, Grey, 2.3Kg, 83JJ0010IN, 3 Month Game Pass Gaming Laptop",114990,N/A,N/A
"DYAZO 15"" to 15.6 Inch Laptop Sleeve/Cover with Handle & Two Front Accessories Pockets Compatible for Apple, Dell, Lenovo, Asus, Hp, Samsung, Mi, MacBook and Other Notbooks (Grey)",279,N/A,N/A
"Dell 15 Intel Core i5 13th Gen - 1334U, 16GB DDR4 RAM, 512GB SSD, FHD 15.6""/39.62 cm, Windows 11, MSO'21, Grey, 1.62kg, 120Hz 250 nits Display, 15 Month McAfee, Thin & Light Laptop",49990,N/A,N/A
"Lenovo IdeaPad Slim 5, AMD Ryzen AI 7 350, 24GB RAM, 1TB SSD, WUXGA OLED 14""(35.5cm), Win11, Office Home'24, Grey, 1.4Kg, 83HX001NIN, Copilot+ PC, Backlit Keyboard, 1Yr ADP Free AI Powered Laptop",76921,N/A,N/A
"Logitech M221 Wireless Mouse, Silent Buttons, 2.4 GHz with USB Mini Receiver, 1000 DPI Optical Tracking, 18-Month Battery Life, Ambidextrous PC/Mac/Laptop - Black",645,N/A,N/A
"Dell Inspiron 5430, Intel Core i5 13th Gen-1335U, 8GB RAM, 512GB SSD, FHD+ 14""/35.56 cm, Win11+ MSO'21, Platinum Silver, 1.59kg, Comfort View, Backlit KB, 15 Month McAfee, Thunderbolt 4.0 Port Laptop",49990,N/A,N/A
"Portronics Bubble 3.0 Wireless Keyboard with Bluetooth + 2.4 GHz USB Receiver, Rechargeable Battery, Dual Height Adjustment, Multimedia Hotkeys with Numpad, for Laptop, PC, Smartphone, Tablet(Black)",899,N/A,N/A
"ZEBRONICS NC6500D Laptop Cooling Pad with Support up to 17 inch (43.18 cm) Laptops, Hexa Fans, Speed Control, RGB LED, Detachable Mobile Holder, 5 Step Retractable Stand, Built in USB Ports (Black)",999,N/A,N/A
"Cable World Educational Laptop Computer Toy for Kids Above 3 Years - 20 Fun Activity Learning Machine, Now Learn Letter, Words, Games, Mathematics, Music, Logic, Memory Tool,Pink",649,N/A,N/A
"acer TravelLite Business Laptop, 13th Gen, Intel Core i3-1305U Processor (Windows 11 Home/16 GB RAM/512 GB SSD) TL14-52M with 35.5 cm (14"") Full HD Display, 1.34 kg",39990,N/A,N/A
"HUMBLE Microfiber Cleaning Cloth for Laptop Screens, Monitors, Keyboards, Phones, Cameras, Tablets, Sunglasses & More – Soft, Lint-Free, Reusable Wipes - Random Colors (Pack of 5)",135,N/A,N/A
"Amazon Basics Laptop Bag Sleeve Case Cover Pouch for Men & Women | 14.1 Inch Laptop/MacBook, Office/College Laptop Bag | Side Handle | Multiple Pockets | Water Repellent | Shock Absorber (Grey)",229,N/A,N/A
"Dell Vostro, Intel Core i3 13th Gen - 1305U, 16GB DDR4 RAM, 512GB, FHD 15.6""/39.6 cm, Windows 11, Office H&S 2024, Carbon Grey, 1.66Kg, 120Hz 250 nits Narrow Border Display, Intel UHD Graphics Laptop",35990,N/A,N/A
"Dell 15, Intel Core i3 13th Gen - 1305U, 8GB DDR4 RAM, 512GB SSD, FHD 15.6""/39.62 cm, Windows 11, MSO'21, Titan Grey, 1.69kg, 120Hz 250 nits Display, 15 Month McAfee, Thin & Light Laptop",33990,N/A,N/A
"Dell SmartChoice G15-5530, Intel Core i5 13th Gen - 13450HX, NVIDIA RTX 3050-6GB, 16GB RAM, 1TB SSD, FHD 15.6""/39.62 cm, Windows 11, MS Office 21, Dark Shadow Grey, 2.65Kg Gaming Laptop",71990,N/A,N/A
"Dell 15, AMD Ryzen 7-7730U, 16GB DDR4, 512GB SSD, FHD 15.6""/39.6 cm, Windows 11, Office H&S 2024, Platinum Silver, 1.63 Kg, 120Hz 250 nits, AMD Radeon Graphics, Standard Keyboard, Thin & Light Laptop",46990,N/A,N/A
"MiniExplorer Educational Computer Laptop Toy for Kids with Mouse |Toys for 2 - 5 Years Old Boys Girls| Learning Activity Alphabet, Letter, Words, Games & Music, Mathematics Logical Memory Tool - Blue",699,N/A,N/A
"Wembley Educational Kids Laptop Learning Toy for 2-5 Years Boys Girls Computer Toys for 3 Years Fun Activity Learning Alphabet,Letter,Words,Games,Mathematics,Music,Logic Memory Tool - Blue",699,N/A,N/A
Microsoft New Surface Pro (11th Edition) - Windows 11 Home Copilot + PC - 13” OLED PixelSense Touchscreen - Qualcomm Snapdragon X Elite (12 Core) - 16GB RAM - 512GB SSD - Black - ZIA-00031,147990,N/A,N/A
OneAssist 2 Years Total Protection Plan for Laptop Between INR 30001-40000 (E-Mail Delivery Only),1799,N/A,N/A
GadgetBite Magnetic Laptop Mobile Holder for Home Office Outdoor Compatible with Magsafe MacBook Mobile Stand for iPhone 16 15 14 13 12 Series (Silver),599,N/A,N/A
"FUR JADEN Anti Theft Number Lock Backpack Bag with 15.6 Inch Laptop Compartment, USB Charging Port & Organizer Pocket for Men Women Boys Girls",559,N/A,N/A
OneAssist 2 Years Total Protection Plan for Laptop Between INR 40001-50000 (E-Mail Delivery Only),2299,N/A,N/A
OneAssist 2 Years Total Protection Plan for Laptop Between INR 60001-70000 (E-Mail Delivery Only),3299,N/A,N/A
"Dell 15 Intel Core i5 13th Gen - 1334U, 16GB DDR4 RAM, 512GB SSD, FHD 15.6""/39.62 cm, Windows 11, MSO'21, Grey, 1.62kg, 120Hz 250 nits Display, 15 Month McAfee, Thin & Light Laptop",49990,N/A,N/A
"Lenovo IdeaPad Slim 5, AMD Ryzen AI 7 350, 24GB RAM, 1TB SSD, WUXGA OLED 14""(35.5cm), Win11, Office Home'24, Grey, 1.4Kg, 83HX001NIN, Copilot+ PC, Backlit Keyboard, 1Yr ADP Free AI Powered Laptop",76921,N/A,N/A
Geonix Trek T3 Aluminium Ergonomic Laptop Stand | 7 Angles Adjustable Tabletop | Anti Slip Rubber Pads | Foldable | Compatible with Laptops Upto 17 inch (Black),259,N/A,N/A
"Portronics Toad One Bluetooth Mouse with 2.4 GHz & BT 5.3 Dual Wireless, 6 Buttons, Rechargeable, RGB Lights, Connect 3 Devices, Ergonomic Design for Laptop, Smartphone, Tablet (Black)",499,N/A,N/A
"Zebronics Laptop Stand with Fans, Up to 17 inch Laptop, 2X RGB Fans + Speed Controller, 58CFM Airflow, 7 Level Adjustable, Foldable, Type-C Port, Anti-Slip Silicone Pad, Anti-Rust (NS6000)",1249,N/A,N/A
"Tizum Ergonomic Laptop Sand Riser/iPad Holder with 7 Adjustable Angles| Imported-CNC Cut, Fully Foldable & Portable| Premium Aluminum, Sturdy Base, Fast Heat Dissipation| for Laptops 15.6” (Black)",329,N/A,N/A
"FACTOTECH Replacement New 19V 45W Laptop Charger for Asus Asus - 20 V, 2.5 A, 4 Mm X 1.2Mm Diameter Connector",1139,N/A,N/A
"ZEBRONICS Blanc Slim Wireless Mouse with Rechargeable Battery, BT + 2.4GHz, 4 Buttons, 800/1200/1600 DPI, Silent Operation, Multicolor LED Lights",299,N/A,N/A
"Lenovo {Smartchoice} Idea Tab Pro with Pen Plus|12.7"" 3K Display|144 Hz Refresh|12 GB RAM, 256 GB ROM| AI-Enabled| MediaTek Dimensity 8300|Quad JBL Speakers|10200 mAh Battery with 45 W Charger|WiFi 6e",25990,N/A,N/A
"Gooyo 2011A Battery Operated Educational Learning Laptop Toy with LED Display and Music Effect | Babies/Girls/Boys/Toddlers | Blue Color, Power Source: 3xAA Battery (Not Included)",349,N/A,N/A
"Dell 15, Intel Core i3 13th Gen - 1305U, 8GB DDR4 RAM, 512GB SSD, FHD 15.6""/39.62 cm, Windows 11, MSO'21, Titan Grey, 1.69kg, 120Hz 250 nits Display, 15 Month McAfee, Thin & Light Laptop",33990,N/A,N/A
"Dell Inspiron 3530, Intel Core i5 13th Gen - 1334U, 16GB RAM, 1TB SSD, FHD 15.6""/39.62 cm, Windows 11, MSO'24, Silver, 1.62kg, Backlit Keyboard, 15 Month McAfee, Thin & Light Laptop",54990,N/A,N/A
"Dell SmartChoice G15-5530, Intel Core i5 13th Gen - 13450HX, NVIDIA RTX 3050-6GB, 16GB RAM, 1TB SSD, FHD 15.6""/39.62 cm, Windows 11, MS Office 21, Dark Shadow Grey, 2.65Kg Gaming Laptop",71990,N/A,N/A
"Dell Vostro, Intel Core i3 13th Gen - 1305U, 16GB DDR4 RAM, 512GB, FHD 15.6""/39.6 cm, Windows 11, Office H&S 2024, Carbon Grey, 1.66Kg, 120Hz 250 nits Narrow Border Display, Intel UHD Graphics Laptop",35990,N/A,N/A
"Wembley Educational Laptop for Kids Toys for 2-5 Years Learning Activity Computer Educational Toy for 3 Years Old Boy Learn Alphabet,Letter,Words,Games,Mathematics,Music,Logic Memory Tool,Multicolour",849,N/A,N/A
"ZEBRONICS Fame, 2.0 USB Computer Speakers, 5 Watts, USB Powered, AUX, Volume Control Pod for PC, Laptops, Desktop",379,N/A,N/A
"Gizga Essentials Laptop Power Cable Cord- 3 Pin Adapter, 3 yrs Warranty (ISI Certified, 1 meter /3.3 Feet)",189,N/A,N/A
"Tukzer Universal Silicone 15.6” Laptop Keyguard Keyboard Protector, Keyboard Dust Cover, Keyboard Skin 15.6” keyguard (36.5 x 13.5 cm)",113,N/A,N/A
RIONTO Prime Laptop Bags for Men Office Use | Upto 15.6 inch | Expandable Bottom | Mobile & Pen Compartment with Multiple Organizers | PU Leather | Professional Office Bag for Man & Women - Tan,1299,N/A,N/A
"Tukzer Universal Silicone 14 Inch” Laptop Keyguard Keyboard Protector, Keyboard Dust Cover, Keyboard Skin 14 Inch” keyguard",113,N/A,N/A
"Dell MS116 Wired Optical Mouse - High Precision 1000DPI Sensor, USB Connectivity, Ergonomic Ambidextrous Design, Smooth Scrolling, Ideal for Office & Home Use - Black",259,N/A,N/A
"Dyazo 2 in 1 Adjustable Laptop Stand with Mobile Holder | Ergonomic, Foldable & Ventilated Riser Fits Upto 15.6 Inch Laptops | Compatible for MacBook, HP, Dell, Acer, Lenovo & Other Notebooks",899,N/A,N/A
"Dell 15, AMD Ryzen 7-7730U, 16GB DDR4, 512GB SSD, FHD 15.6""/39.6 cm, Windows 11, Office H&S 2024, Platinum Silver, 1.63 Kg, 120Hz 250 nits, AMD Radeon Graphics, Standard Keyboard, Thin & Light Laptop",46990,N/A,N/A
"Dell 15 Intel Core i5 13th Gen - 1334U, 16GB DDR4 RAM, 512GB SSD, FHD 15.6""/39.62 cm, Windows 11, MSO'21, Grey, 1.62kg, 120Hz 250 nits Display, 15 Month McAfee, Thin & Light Laptop",49990,N/A,N/A
Portronics My Buddy K9 - Portable Laptop Stand - Adjustable Elevation Levels - Ventilated Anti-Slip Design - 360-degree Rotating Base(Black),899,N/A,N/A
"amazon basics Vertical Laptop Stand with Adjustable Dock and Dual Slots, Compatible with All Laptops Up to 20.3"" (Aluminium, Grey)",1139,N/A,N/A
Amazon Basics Laptop Bag Sleeve Case Cover Pouch with Handle for Men & Women | 15.6 Inch Laptop with Padded Laptop Compartment | Zipper Closure | Water Repellent Nylon Fabric (Grey),249,N/A,N/A
"PLIXIO Adjustable Laptop Stand with 360° Rotating Base Tabletop Ergonomic Foldable Portable Holder Compatible for MacBook, HP, Dell, Lenovo & All Other Notebook (Sliver)",2135,N/A,N/A
"VEBETO Educational Laptop for Kids (1 Year Warranty) w/ Mouse Games 20 Fun Computer Activity Learning Toy for 2 3 4 5 Years Boys Girls Learn Letters Words Mathematics Music Logic Memory Tool, Blue",799,N/A,N/A
"pTron Xmate Adjustable Laptop Tabletop Stand, Air Ventilated, 360° Rotating Base, Portable & Foldable, Integrated Mobile Phone Holder, Compatible w/ 11-15 Inch Laptops/MacBook/Notebook/Tablet (Black)",299,N/A,N/A
"ZEBRONICS Igloo 1, 2.0 USB Computer Speakers, 8 Watts, Multicolor LED, USB Powered, AUX, Volume Control Pod for PC, Laptops, Desktop",399,N/A,N/A
HP Everyday 14-inch Laptop Bag (A08JVAA),1199,N/A,N/A
"Dell DB16255, R5-340 AI Processor, 16 GB LPDDR5X, 512 GB SSD, 16"" (40.64 cm) FHD Plus, Win11+MSO 2024, Ice Blue, 1.83 Kg, AMD Radeon™ Graphics, 300 Nits IPS, Backlit+FPS Keyboard, AI Powered Laptop",66490,N/A,N/A
"Lenovo IdeaPad Slim 3, 12th Gen Intel Core i5-12450H (16GB LPDDR5, 512GB SSD), Anti-glare, FHD 15.6""(39.6cm), Win 11, Office Home 2024, Arctic Grey, 1.62Kg, 83ER00MDIN, Thin & Light, Backlit KB Laptop",43240,N/A,N/A
"Dell SmartChoice G15-5530, Intel Core i5 13th Gen - 13450HX, NVIDIA RTX 3050-6GB, 16GB RAM, 1TB SSD, FHD 15.6""/39.62 cm, Windows 11, MS Office 21, Dark Shadow Grey, 2.65Kg Gaming Laptop",71990,N/A,N/A
"Dell Vostro, Intel Core i3 13th Gen - 1305U, 16GB DDR4 RAM, 512GB, FHD 15.6""/39.6 cm, Windows 11, Office H&S 2024, Carbon Grey, 1.66Kg, 120Hz 250 nits Narrow Border Display, Intel UHD Graphics Laptop",35990,N/A,N/A
"amazon basics 360° Rotating Metal Laptop Stand (Black)| Adjustable Height & Angle | Foldable, Sturdy Carbon Steel | Enhanced Airflow | Supports up to 10kg | Compatible with Laptops & MacBook",868,N/A,N/A
"Zebronics NS5000 Laptop Metal Stand with Dual Fan, Upto 17 inch, Multicolor Fan + Speed Controller, 58CFM Airflow, 7-Level Angle Adjustment, Foldable, with USB & Type-C Ports, Anti-Slip Silicone Pads",1149,N/A,N/A
"Dyazo Laptop Sleeve 15.6 inch Case, Water Repellent Polyester Neoprene Case with Accessory Pocket Compitable for MacBook, Dell, Lenovo & Other laptops, Notebooks Grey, (OnePOCKET 15.6 Grey)",349,N/A,N/A
"Ambrane 100W Fast Charging Powerbank for MacBook, Type C Laptop & Mobile Charging, USB-A Output 25,000mAh Battery, Triple Output, Power Delivery & Quick Charge (Powerlit Ultra, Black)",3542,N/A,N/A
"Dyazo 15-15.6 Inch Laptop Sleeve Case | Water Resistant Cover with Charger Pouch & Three Front Pockets | Compatible for Dell, HP, MacBook, Lenovo, Acer, Asus & All Other Notebooks (Black)",399,N/A,N/A
OneAssist 2 Years Total Protection Plan for Laptop Between INR 50001-60000 (E-Mail Delivery Only),3299,N/A,N/A
"Stuffcool Major Ultra 65W PD Super Fast USB Charging 20000Mah Laptop Powerbank Supports Super Fast Charging 2.0, Charges Macbooks, Laptops, Dslrs and Gaming Console, Silver",2499,N/A,N/A
"Asus Ad45-00B 45W Replacement Laptop Adapter/Charger for Select Models of Asus - 20 V, 2.5 A, 4 Mm X 1.2Mm Diameter",1347,N/A,N/A
"Dell 15, AMD Ryzen 7-7730U, 16GB DDR4, 512GB SSD, FHD 15.6""/39.6 cm, Windows 11, Office H&S 2024, Platinum Silver, 1.63 Kg, 120Hz 250 nits, AMD Radeon Graphics, Standard Keyboard, Thin & Light Laptop",46990,N/A,N/A
"Dell 15 Intel Core i5 13th Gen - 1334U, 16GB DDR4 RAM, 512GB SSD, FHD 15.6""/39.62 cm, Windows 11, MSO'21, Grey, 1.62kg, 120Hz 250 nits Display, 15 Month McAfee, Thin & Light Laptop",49990,N/A,N/A
"Acko 1 Year Extended Warranty for Laptops from Rs 60,000 to Rs 1,00,000 (E-mail delivery)",2399,N/A,N/A
"Logitech B170 Wireless Mouse with USB Receiver,(Black)",574,N/A,N/A
"Tukzer Foldable Laptop & Tablet Stand Riser for Laptop/MacBook/Notebook Up to 15.6-Inches, with Multi-Angle Adjustment, Lightweight & Ergonomically Designed (Black)",249,N/A,N/A
"Storio Toys Educational Learning Laptop Toy with LED Display & Music Effect|Educational Toy Preschool Learning for Babies,Girls,Boys & Toddlers|Power Source: 3xAA Battery (Not Included)-Pink,Multi",329,N/A,N/A
"Acko 1 Year Extended Warranty for Laptops from Rs 40,000 to Rs 60,000 (E-mail delivery)",1749,N/A,N/A
"Dyazo 13.6-13.3-13 Inch Hard Shell Laptop Sleeve Case | Shockproof & Water Resistant EVA Protective Cover with Handle | Compatible for MacBook Pro/Air M2 M1, Dell, HP, Lenovo and ASUS (Black)",699,N/A,N/A
"Dell Original 65W USB Type-C Adapter for Laptop, Latitude 5289 5290 7389 7390 7400 - Black …",1593,N/A,N/A
"Swiss Military 30L Unisex Laptop Travel Backpack for 15.6-Inch Laptops – with Luggage Strap, Detachable Key Ring, Anti-Theft Pocket, Expandable Bottle Pocket for Office and College Use",1498,N/A,N/A
"HP 15, 13th Gen Intel Core i5-1334U, (16GB DDR4,512GB SSD) Anti-Glare, Micro-Edge, FHD, 15.6''/39.6cm, Win11, M365 Basic(1yr)* Office24, Silver, 1.59kg, fd0577TU, Iris Xe, FHD Camera w/Shutter Laptop",50990,N/A,N/A
"Dell DB16255, R5-340 AI Processor, 16 GB LPDDR5X, 512 GB SSD, 16"" (40.64 cm) FHD Plus, Win11+MSO 2024, Ice Blue, 1.83 Kg, AMD Radeon™ Graphics, 300 Nits IPS, Backlit+FPS Keyboard, AI Powered Laptop",66490,N/A,N/A
